"","IC50","PC1","PC2","PC3","PC4","PC5","PC6","PC7","PC8","PC9","PC10","PC11","PC12","PC13","PC14","PC15","PC16","PC17","PC18","PC19","PC20","PC21","PC22","PC23","PC24","PC25","PC26","PC27","PC28","PC29","PC30","PC31","PC32","PC33","PC34","PC35","PC36","PC37","PC38","PC39","PC40","PC41","PC42","PC43","PC44","PC45","PC46","PC47","PC48","PC49","PC50","PC51","PC52","PC53","PC54","PC55"
"BR:MCF7",6.12739379166667,-8.50228796474569,0.499397503657952,-3.86643065218361,3.86183929652052,-1.83463932712533,3.2038955188378,-4.03219247802277,-1.96227602182544,4.24759491741162,-2.76278763750028,0.344829040069643,-1.23011629878368,5.99339432217249,-11.1990729191827,16.2505343431701,-10.3407083593285,5.89368107192093,7.03727595362692,34.0936024936914,-68.2167928951419,5.66024810756173,8.74242238404804,-3.23511082742246,-1.86451703777802,-0.365143552642422,-3.25680126116086,-5.74979381673221,8.87729089879377,7.23543428397268,10.2582896044853,-11.4684664927727,-0.705109596664943,-4.41734121226239,-2.42140135590389,-0.491319157933642,-0.257057241787267,-0.117924408919392,5.92063410007627,0.739210773065158,1.59771227727418,1.08673520848309,1.17946109095577,-2.14353067265684,-0.417064634598838,-0.537548817656578,-0.410098503613366,-0.176493674564475,-0.0100544703338711,-0.660177135798676,-0.0624493736685496,0.915748045218053,1.58694434798864,1.30726576775117,-0.380850508688008,0.455752351099944
"BR:MDA_MB_231",5.60760755555556,-9.13887263287191,0.651940390741337,-3.40482921833358,4.23674991220391,-1.28760274409455,2.02144536914696,-4.45377316981544,-2.49710456513217,1.73667112360399,-2.00224703022741,-0.739217324868672,-0.82018615165609,0.331745833313614,-5.34668519657648,4.60218524410259,5.87903353942712,-2.53468017780293,-4.65407621651401,1.16586802506307,6.70456227782039,2.59525524022945,-0.299864154682361,4.43637533546957,3.5233988643532,15.3663429812755,2.04869861943776,10.0958044487511,0.996155493365291,66.8243600938347,-17.4684658909478,0.822276630410187,-4.31106552129427,9.16274120674778,-1.52699236960354,-0.979476747304565,-7.04991291203076,-4.01403340397144,-2.08680198052043,-1.3639068003164,2.96608746333066,-0.792273860612451,5.59223103149897,-2.59260270300145,-2.19738506934931,2.66412326093963,-0.782847790326519,1.08874717358705,-0.976806866008611,-1.24451342765803,-0.411089921606107,0.376027824660787,0.120421571498293,-1.70101531173097,1.23059300251411,0.881219163276117
"BR:HS578T",5.21477359259259,-9.76805350344793,1.40887969323468,-4.16538688356204,2.25513230156187,-1.45130933399648,3.37521772096608,-4.71521906855597,-1.8518911836865,1.80914208354062,-3.57490344375359,0.207893553314661,-1.34840600849933,1.21459146427328,-3.18547361397195,6.33718739744433,-0.35176522453415,-2.8151841688329,1.52950536421301,9.42602349317132,-13.128824886039,-2.50211519559413,-4.0252880692832,-3.17092160779259,2.49362723994564,3.06884610848861,-0.103203878937556,7.11430563400579,-9.5556797062864,-9.95362398753233,-22.8340330104777,28.7665477431915,-10.7137508363105,-3.4761208993985,17.2227748311348,-8.63304848946902,-1.54149591988953,14.2515075996807,-38.1976372677576,-16.4600972522022,-19.0762328444792,-15.6388313402014,3.9806705753378,1.7843552586871,-4.3153751391577,3.2257859054835,1.44336802806724,1.00342084318524,0.115996762622405,3.31671145183708,0.496230084649608,1.72089442647922,1.91424675180247,0.991847482498816,2.73267439539587,2.29296235165154
"BR:BT_549",5.53410577272727,-10.6638606536239,1.48362360030332,-3.64058866501349,3.58498987388472,-1.39333355237738,2.94177719173712,-4.82053385900196,-2.58799250612432,2.77377095378221,-1.99114930273946,-0.486694882834554,-1.59206315330486,-0.123733603876475,-1.70124278712418,1.72047073199395,2.35655377375675,-0.148056947184436,-2.87347560221367,1.63694451979344,1.3820465291083,-0.180753414862516,-1.74836971558857,3.24095095504943,1.47212325890015,-0.361426736746437,-2.39417314029904,3.28156607227932,-2.91002188461352,-0.659452864777464,-0.446053633855257,-2.08323388531017,-1.64268474934809,-1.42312854166155,-2.22610831663843,-1.25879943512618,3.45968207227169,0.24873962885627,-4.43507534449074,-1.39968017728405,3.05171706353306,11.4816351635575,-14.1979387919441,4.31350086641633,9.50615737534143,-14.9168629423179,31.1520609678302,45.5406469644063,2.24056232882951,-3.75631410164995,-13.2999393503432,0.732347593257552,-0.964400670361325,2.75153347992614,3.08122586326046,2.29070101168797
"BR:T47D",5.73332126923077,-10.4564852023899,1.52607717877759,-2.94062033755149,2.84573472025678,-0.986442297513423,2.49551464348274,-4.99137090421348,-2.15111257066191,1.77922482530909,-2.53525020307275,-0.947995384257068,0.681945966647222,0.419886387868925,-5.62020674379672,7.22057890173535,-1.22908937113161,-3.15665162627648,-0.185384898327029,6.21973618962296,-9.86965440718624,1.00105705226005,-3.71111842593321,-0.0918447636934497,0.774927851109431,-0.0103808915552083,2.94987375567454,6.18472578572741,-19.3699506234996,-15.233227265584,-33.2843529206863,30.9593881961986,-5.23991768417223,21.768226663087,-13.2625140428207,13.5164758422298,6.2345395896696,-15.6021357428052,23.6675017836308,19.876450974841,8.28867282368723,8.59562021066496,3.42969064790927,-0.492459367526974,-1.44330764833545,3.13510460539359,-0.292413948408622,-0.897188371491174,1.53768225478671,0.785120486402379,-1.53049067915492,-0.37840601476182,0.54840603621879,2.0977508179597,0.499355891542326,-0.240827672599296
"CNS:SF_268",5.93140672727273,-10.7400248539692,0.699598634289226,-2.65025860567446,3.07376674690652,-1.23934252006493,3.13808212131236,-4.11097658286587,-3.22656366890219,2.43730870310945,-2.33462804293458,-0.611522951668701,-1.30206784182419,-0.427479254285604,-1.89392333117865,1.39923606615313,1.40613076852858,-1.82830041561425,-2.4252865636727,1.99442712455244,2.0246287483225,-1.48381279632415,-2.39549183746203,-1.4814695090339,2.18731470629092,1.97515609316085,-0.136465280346028,3.16485321159095,-2.86381086747299,-0.377920792716504,0.454129213738866,-3.15949680074884,-2.96075343533173,1.73316615446916,-0.653808627371326,0.0504231218776664,-0.938096471414706,0.470031417859986,0.765203982150681,-2.98956068802937,6.16845318917888,0.80357216370553,-8.92982239471992,-0.653000397568206,11.6687275014062,-16.3813309892904,15.6114462203582,-8.54786715924311,2.52220002120514,29.2082980379921,38.9329452970739,-17.1294119196261,14.7549373340833,-7.71083531264337,1.6726605661907,2.95649066810154
"CNS:SF_295",5.9852576952381,-10.6461694659987,1.45963071712107,-3.53984375808883,3.9062086711915,-0.926279540542915,2.7658975664859,-4.30658154050336,-1.88322109972772,2.11024651323967,-2.19312482963979,2.9084908226262,-0.915695672995457,1.20703504924996,-2.25513610622247,-0.139165877333853,2.30940353809906,-0.204325993458569,-3.97557208503992,-0.334388128645814,1.61831914725758,-0.544117263023215,-3.09657080782605,1.5758268296509,2.98909999810603,-1.61173274435255,0.691027075469851,1.12240846590067,-5.04242757052721,-5.73965525621288,-2.05159730791596,-6.30074817981488,-0.255762111085286,-7.20510460404184,-7.13441513504487,-2.84636123734841,8.63675774099968,-0.590791817164762,-18.4776771734971,-17.8357933043909,13.620911667523,46.6804619871498,13.5602162039912,-24.8215373931779,2.5152355210629,16.3737632175584,-5.93675102519596,-2.44359361853781,-0.180367723619155,3.90816611139947,-1.94265249700167,-1.38351836558413,1.6945752496665,-4.69545981988508,-0.42398588710171,1.98823189680903
"CNS:SF_539",5.97249348598131,-9.98994503825973,1.14151990103389,-2.54590602905848,3.70506360715455,-0.727043815587899,2.93766498112555,-5.42236407484955,-2.84157049676264,3.01035663451073,-2.8774464667277,-0.939125968431033,0.30326546515213,-0.253530535973384,-4.03946102673171,0.608084936238162,5.76472792375153,-3.98436289890181,-2.27765686265749,2.14821331371107,4.06270671629932,-2.12388158080556,-0.491724114424853,-2.33688945189758,0.532703793504919,0.427385602560126,-4.74826757202349,0.741736405018951,-7.74882705607411,-7.6374669559578,-5.43813940392904,-9.43840355509565,10.0823135161619,8.05993189217523,-12.3856227006948,-17.3706612189176,-6.54499042176154,-11.9414614533163,30.5385204075448,-46.0976900506349,-18.36128413424,-10.8606425879282,7.30161078814979,-3.26557732187645,-6.16596876467865,3.48187104225134,2.02639954128273,4.57304472214271,-1.5513152476722,0.216032403956225,-0.471012094626569,1.65989304990747,1.25130149552801,-2.36436807483637,1.35939486817396,2.86308867645785
"CNS:SNB_19",4.10143498130841,-11.5391798838047,0.673014200692918,-3.7752005139167,3.55538568406846,-2.18832853401941,3.16998173696922,-5.51878607884311,-2.69224113730098,2.58604619211982,-2.45441796136805,-3.43098526290428,-7.89455738130229,3.60414848398365,11.1444468854489,0.13670124404618,-0.726485413002903,-0.0460613550374085,0.0966349753869134,-0.245882549152918,0.993413753432109,0.607183693211042,-1.20973669103573,0.893337557305635,0.789120294214279,0.98108501705846,-0.922424222158552,0.290828167689083,-1.58447518352156,0.425951471519129,-0.245245302345693,0.41235255488335,0.64905446474826,-0.167055104499743,-1.31604693623125,-2.27900514984691,-0.0881842855529844,-0.348336646067602,-1.82226289639136,-0.492338906265254,-0.498272590634877,-0.718621811226446,-1.64171591386446,2.78075574123521,2.10870628548992,-2.28725926426398,-0.965387257428204,0.200472465695852,1.36644218298382,-0.766174982117234,0.0616719632438029,-1.06183306941886,-0.309394573422282,4.73081325527948,-47.4498382659348,9.34990404027331
"CNS:SNB_75",5.83917676237624,-10.7631203073883,1.26733788582213,-4.24652827760815,3.66252769362081,-1.24209213274698,2.94590906109226,-4.87080845102899,-1.85755517883161,1.89528257961603,-0.910271260842571,-1.05493243768681,-0.971686056919917,-0.446152250298275,-3.39262212093718,0.237751717753416,3.05192163495782,0.373557773303593,-3.87484411130217,-0.145912507865839,0.919103069996331,0.0939284511331993,-1.71130028958386,1.95230811401814,3.07673048355183,3.9892801499545,0.176336024856663,1.55931892293961,0.434269987579812,-3.15079098563646,0.630046427740771,-0.715442777385222,1.23969033878016,3.65817385522873,3.24179912263628,-3.01243872475211,0.8695599953476,-1.57354788348813,-2.81197912185202,-3.41113889808098,0.314873597588419,3.54388892110653,-4.86676378047631,-0.138071694077205,2.95960204382361,-11.7233622875584,-1.91946871457211,-10.5077934205713,39.9378737049637,-40.6101693920099,9.77221720256752,-9.81524639244122,2.75231921521229,-3.3257222827703,3.65250022668841,3.8359135760412
"CNS:U251",5.31072611214953,-9.26949321561592,0.692086520003279,-3.57519620243519,4.16051299799234,-1.85454011475192,2.3756623240539,-6.55897308387824,-4.7022813269114,4.4181866341163,-3.85213804616476,-12.6557947594466,-35.1209649584469,19.0625562119035,56.1664482066222,-2.39539207607059,-8.62412294909279,1.25344264712923,6.56267364525126,-4.87820875739921,-3.03670188912237,1.33717589777642,0.609795249240637,-1.56063754431459,-0.606648784868807,-1.4146217740761,-1.33376780147869,-0.881228533981832,1.07724710882381,1.46361022058565,-1.23229580771228,0.471781492443097,-0.47675229724578,0.778596191241855,-1.28449594908924,1.79627765937451,-0.421175540999694,-0.12265967850024,1.06967218547337,-0.545512150403277,0.65850063345502,-1.32236022104538,0.745602586315235,0.100323792136381,-0.460489898036547,1.18489532974363,-1.09307913797462,0.166712984290939,1.01257521902287,0.266435222364272,-0.671469886454829,0.182286340171575,0.171557436983424,1.55399253384863,-10.9669281020509,3.3870035502024
"CO:COLO205",5.75741981132076,-10.6076791819673,0.623125975933003,-3.45598110862603,3.79694773940011,-1.5776622002906,1.84093732136086,-4.90029666000816,-1.06175164659819,2.40691101639985,-0.880557989633414,-0.335432530695733,-2.54711982727426,-0.594374206891778,-3.69917449020027,1.52726977510775,2.94467355301146,-2.19582524894349,-2.45441019593517,-0.622443096770533,0.611205591597548,0.281703724517175,-1.4387113574678,2.38001331684453,1.45432934838812,2.62903539297836,-1.29682337897015,5.15953456109208,-3.47289411835947,-0.196122964438882,4.52293456584977,-1.16949780901049,0.945052891809064,1.57992217997937,0.900953911457335,-6.57333737388419,-2.50458193924445,-6.36365790610606,-0.730647093253833,8.37122145892569,-11.6502124844041,1.33585169803788,-53.7375800568614,-19.1882270435353,-14.9665582846021,19.3258325173459,-1.82804188776746,-5.02001015713201,-5.7471914851374,-1.25704326503035,1.41190427934149,3.91419474621641,-0.896526646440134,-3.39090700850188,0.95895936299411,4.17255142597563
"CO:HCC_2998",6.02611847663551,228.087655731764,177.724793559496,-15.5095737128813,10.7103929295158,-4.44196087965471,5.69582021499715,-3.19869162556245,-1.60862150920449,1.66940359438182,-0.898322387255722,-0.781324121283011,-0.524095319077643,0.458021310560402,-0.32063803088543,0.451275267302128,0.562153038424115,-0.573495102916587,-0.262677909180031,0.261058241244759,0.309748446450569,-0.0854234510162208,-0.247080157569612,0.0825640457920127,0.113386605506452,0.389118946846394,-0.279275448679185,0.33956664652515,-0.410250991071264,-0.136987530210053,0.318043533352361,0.0625550553538693,0.197518724833427,-0.140593869398796,-0.108101197903401,0.0806490343818483,-0.0536619131987913,0.0331711883783269,0.0246769587232435,0.0521743806248402,-0.0427807190174808,0.187656685327087,-0.209596727170444,0.0283172085330822,0.141246764631842,-0.11142272118816,-0.0139856114813943,-0.118885417308184,0.0192928033255649,0.0399151920728866,0.14623145482038,-0.0307954155889399,-0.162975713894435,0.0928628769294164,-0.15868424288057,-0.0889042121892263
"CO:HCT_116",6.25446634653465,16.225807135081,-2.63192347058509,18.503044030568,-66.6643098787366,164.005325908293,4.41988396363977,4.23461262776642,-3.82616621532014,0.509407376418553,-0.329636650231147,0.00170908876890688,-0.853045072051471,0.214759842379824,0.289621035381419,-0.45500632338803,0.781127002819979,0.313521783497769,0.1411434310728,0.2649952499279,-0.299554505417966,0.16825902529443,0.135323893692964,0.303377170670391,0.355571200643683,0.213526013513913,0.0555901280214918,-0.16991181672089,-0.31764314697677,0.159462413032912,0.0249751949737294,-0.328844495250206,0.122387369295903,-0.292966477804491,0.0359717951929369,0.204933196810092,-0.00276839386543031,0.290737804966209,-0.0150134629696015,0.19909897292543,0.0314416096871063,-0.0434938269915688,-0.153169857829805,0.0549663560970889,-0.293665680903724,0.0401563195234041,-0.0619586999054307,0.108563811981807,0.107624422531325,-0.0138154161978527,0.0248284975410535,-0.115721434130655,-0.375217871550418,-0.0471857059392583,-0.185912993661561,0.024214572370923
"CO:HCT_15",5.95887760952381,189.795561900747,-208.061439591779,-27.6662182864061,13.6451919002594,-3.63275911986323,4.46425088381521,-2.3991739545924,-2.42125714912956,0.524920198545676,-1.28598936992373,-0.40616129324864,-0.869116908408531,-0.0205605978577962,-0.375573062595377,0.374007182136913,0.519363299233817,-0.25596190466334,-0.776801349069113,0.0849335571953896,0.160011583935751,-0.3377375171439,-0.537978034941304,0.192235202922142,0.151141275153744,0.369655370101052,-0.0333917137468192,0.36556596708598,-0.578151412533155,-0.374348637982436,0.085364381604858,0.0119923135578948,-0.0396510756261494,0.0295520545586039,-0.0991336836058638,-0.0844850668140621,0.0238299184250962,-0.0528166811427914,-0.0421344281256981,-0.0248720993220018,-0.058280410394458,0.334533351557726,-0.0894308379196623,0.142641570217985,0.183318204402187,-0.207942990590756,0.0217100002555228,-0.0713792525628002,-0.0703737523758282,-0.0873506399579143,0.0627863990665808,0.0493841524109179,-0.175302598400958,0.0999886627809701,-0.0280285289498786,-0.121973297138311
"CO:HT29",5.9196278440367,-8.9345938770874,-0.245525148055387,-3.66650110440284,4.00605265135395,-1.50138195042627,2.80118055804706,-3.75510768952037,-2.8827227102625,3.81419300549993,-3.6097932976696,4.38802630486746,-1.94010977825096,-3.10132633854346,-9.88172683280784,-5.62338989975825,22.9170358984028,-43.0611318935048,67.3903894142517,-15.7230347697369,-2.91227990043978,5.32474809263752,2.88915582375718,-0.233118178904141,0.135819287649532,-4.87697799209808,0.822852987229445,0.448951923415448,5.1951637845021,-0.195679414038769,0.485630022578984,-3.51560305919313,-1.80918510184955,1.08175444280732,1.03438832966988,2.77246273603074,-1.60570557268265,0.291725082997312,-0.680870007379769,1.72013264191792,-0.35105139070995,1.19001985011935,1.3248736409799,0.145777328964422,0.440367027704239,-0.186397861622497,-0.223475010178458,0.104277405554317,0.509612727795439,-0.175463030378483,-0.950696414920877,-1.15236195604218,0.136642181099031,0.0896654903677619,0.323408027120218,0.186093053734347
"CO:KM12",5.74905736697248,17.9432183731199,-5.37890591264557,13.7384588879107,-166.092853103702,-69.9219823591829,2.21901325550473,0.499605407162498,-1.38804159188492,1.73789054858705,-1.47316528253706,0.116793920750319,-0.431024718604585,0.335788982414263,0.186393036458713,0.0711954681981827,0.738160720030374,0.0720043069884079,0.13611146973864,0.182448404780282,0.111300280665882,-0.418190072942158,-0.273296809693358,0.127860375293864,-0.156289992007597,0.232105629821334,0.145254017181812,-0.248349209876183,-0.384405219212596,0.271986102463353,0.0345698003387153,-0.406885669313084,0.380791812299497,-0.213181679641432,-0.158031527024964,0.167094087597002,-0.266100935154522,0.131615335609283,0.158569036707283,-0.0747633347586367,0.354382310597227,0.0464049233153161,-0.0576924167050424,-0.51882721184897,-0.174214293486355,-0.315710505482577,-0.207424616999342,0.0544935983816442,-0.244942321765087,-0.343736826524448,-0.0837799470899477,-0.110227173112593,-0.00214587083724871,0.0310589570874464,0.102272294381363,-0.215817556389055
"CO:SW_620",5.81324570642202,-9.93277964872677,0.873420078125466,-3.62120509644516,2.2824474409101,-1.15966361792862,1.52975804679322,-5.31882764269519,-3.16082526281551,1.4038684251419,-2.46304744627574,-0.923866210947176,-2.27538468557447,-0.740281793187898,-3.2793954549791,0.646261466292668,1.71355319666387,-1.57613473454826,-6.2438799171609,4.35688109796335,5.13528468214826,-2.50453204699661,-6.65500778649362,8.59942047797595,22.4292730969109,19.0929776109256,-4.5618138040882,31.4467168481359,56.4304444592591,-13.7840942336376,3.56177780485327,10.0850306389012,-1.85148479348358,-0.427212064206769,-5.93964851008189,4.3665967259566,1.01643606312471,-2.60955928598173,3.61095106894296,0.8360638316809,-0.301074392127118,-1.77639916553881,5.22084995817107,-0.871470648711784,-2.50952625334383,2.18654285555211,-0.392339304859659,1.04749160655535,-2.31755547662845,2.14796141199872,-1.31606840596266,0.430184819632561,-0.136292029913113,-1.13358390235329,0.293991528965113,0.578347107657562
"LE:CCRF_CEM",6.82529719444444,-0.441443029095921,-1.31752646667538,1.80594706386711,0.0157798432094988,2.7915377907398,-1.15706991256215,-11.1902815145356,128.202386617721,-0.508730372048963,2.09301340925464,1.2116062085908,0.581157722567048,-0.243861641904746,2.9417263459804,-0.562411374185129,-1.26720400471067,-0.158116214877468,1.40674196726195,0.579218211935481,0.257055627613858,-1.35143834119946,-0.864141711117491,0.483132982126643,0.298870272966476,0.805310780662591,-0.159872272193736,-0.332029433970897,0.356967705221623,0.100136571298282,0.274464078270972,-0.182991863932223,-0.314476621082145,0.981881305065612,-0.449307617221192,-0.188646549641669,-0.156061064648437,-0.0589917824049149,0.0607256048112794,-0.321437829160593,0.494396649717767,-0.369113589836671,0.40721246930237,-0.215949281618381,0.191620622806233,-0.477909861450401,0.575836904233346,-0.130524686581607,0.00858027153452955,0.361268565428936,-0.00501124306810334,0.157219714232616,0.148747176407478,0.304193423415686,0.0192432830154035,-0.0420455424478322
"LE:HL_60",5.98642368478261,-10.9336428522378,1.60836146386667,-4.08080984882565,3.96856236253172,-0.347344728569994,3.34419545767169,-4.98184132572922,-2.09852708381553,1.84283943613476,-1.73567311202306,-2.2324933770588,-1.07039303802238,0.894343304886527,-1.38709860125598,0.0677481324643162,2.40838996422205,0.280654429993658,-1.6603426299416,-0.40732848361861,0.82942202568887,1.345434691031,-1.64798732720576,-0.651768119368033,1.66874635926199,0.859582716864935,-0.461985402929656,1.78884103360563,-4.14673524277505,-2.3701136307674,-0.863634648969958,2.67371127531496,1.98822073602554,-4.72241182022578,2.88583202011745,0.30462463545691,1.0299422013119,-2.76838381159153,-1.05395461191811,-1.64754809576618,2.12713557638826,4.01948086871746,-0.760734762668948,3.09770248708863,12.0322136020032,-18.9996808617042,5.52903337361407,-15.1263270588619,-41.8785241951957,-27.8075929927703,0.841552660518027,10.3134398000583,12.3000035234168,-14.8999623103631,0.370193108294264,1.6048616472378
"LE:K_562",6.43543585714286,-8.13322882503875,0.933461977043857,-3.83643058990304,3.04781395974701,-1.34507386349638,2.41403578361835,-4.68649962648918,-1.48922567850146,2.54694167937078,-3.52271187716643,0.923392063009985,-1.84282003748859,0.0536481460320499,-3.50730286973507,3.72015765616067,4.93355259397195,1.22066103047197,-7.45286733695845,9.86218323332516,6.51949498759648,-6.71063903471805,10.1973390238572,27.4201670777799,15.3737455007709,-66.3300489083179,6.18280923745068,-0.59940295890727,9.38365175782644,7.1717191804742,2.49094354217021,4.78781125887305,0.0461154572370688,8.13953147759144,-0.14705045126085,3.48592309181127,-0.489103390503523,-1.99160764886305,-3.49794098413033,-2.10300674444862,-0.869823626041919,-3.32911493254646,0.225361337492181,2.45836993356682,-0.910797310719041,1.19271225904555,-1.86408724088535,-0.884616324781535,-0.746991912444194,-0.144175497218662,0.637186578342149,-1.20253853823534,0.691074583416911,-0.0603767824062494,0.520368669347324,0.327498216210447
"LE:MOLT_4",6.63107652336449,32.1238576456805,-13.3437459114573,200.89011170653,23.6369115694189,-12.6694791911047,3.3034804850752,2.1062763014881,-2.9550406752596,0.936169257622489,-1.92291977699272,-0.114714080746092,-0.194378629928902,-0.568930060240734,-0.157411088971846,0.643922227227953,0.130230109456193,0.0555095452535344,-0.112394858562874,0.250787142885793,0.190579924119675,0.0918636259093056,0.0781753978557281,0.10877357503019,0.0585052991860949,0.101286607113313,-0.208912530926618,-0.0371724687547813,0.0137454800253542,-0.204555977282839,0.217599136042602,0.0182756761490329,-0.398325909309489,0.0226782328075185,0.53361971944356,0.279939609026648,-0.0345702691146575,-0.112426889939239,-0.346927101015848,-0.0544064449432631,0.171240920570675,-0.116324708229379,-0.0770902067037285,-0.00326182862640863,0.348160605559854,-0.0345337252550705,-0.214484464003175,-0.0587656123168566,0.0330674570912885,-0.271934210683493,-0.255605230484547,0.0728328365201582,-0.150804552118292,-0.0341664015737312,-0.0703807615249804,0.00050261122712205
"LE:RPMI_8226",6.422443,-7.4899590150642,1.37691080893858,-4.57173689018294,2.64147261399079,-1.1039101762014,2.35104370596775,-4.52470066336375,-3.945602785217,1.1148541997922,-1.63338973328191,-14.8017756152689,22.809507507153,-85.8853669816549,32.5819613779336,4.99265088340832,-3.83192092522634,2.1886905882266,1.56145505248707,-1.23025332519585,-6.09632231253513,2.55507078073444,-0.396875403561565,-0.229311675375946,-0.433162339148909,-0.868513008310638,0.662116529223836,-1.5208374805483,1.08861731198381,0.87904435636439,-0.389645640350128,-0.914089051790459,-0.133899390719156,-0.588846144371963,0.665111809931373,1.40336338531279,-0.912068727631409,0.498493139905222,0.242260573062587,-0.250562038734894,0.280179026758195,0.105427519463645,0.637330784771123,-0.492180192425053,-0.884523183410516,0.550360825411705,-0.789104470947449,0.103761955352465,0.107058429433731,0.431859865496662,-1.00526045921553,-0.0150758075665229,0.259510910141825,-1.16747216582244,0.625810963885205,0.319500059140138
"LE:SR",6.81948686885246,-11.821567126169,1.25661265208595,-3.67213675215889,4.06893450984141,-1.38646935838257,2.58111102919014,-4.30023469519509,-2.45857936633628,2.84047757956626,-1.87489103591234,-0.175252745605132,0.622118635439439,-0.932293573583051,-1.31804617170317,0.954069893361917,3.0136756468813,-0.652828022049633,-2.91888326898922,1.80891234539256,2.98140336769058,-1.34896048218995,-0.539613155856424,-0.192292088599938,0.260878564453806,1.95405027763827,-1.07836320252865,2.79989423754534,-2.95860101093343,-0.477496025685659,0.810716171918345,-2.52184187527043,0.760950553222871,-4.45021234814678,-1.12291725073407,0.0466236698035665,0.0255478537071974,-0.981849876836943,-1.04160510499662,-3.03111181925514,-0.159633928865066,3.59524208613929,-0.91716199571963,-0.174538230572346,3.3108316016904,-5.10597738586246,1.46611184493843,-8.23268945113542,-15.6498004129637,-6.73856857279725,10.0381691822007,-15.6403589468256,-27.404616717065,44.2632397955604,6.72534533541035,5.01896145341543
"ME:LOXIMVI",6.68480398039216,-8.26890070927415,1.44812132177921,-2.74502440864676,2.80241617200863,-1.43659142678566,2.55629414792748,-4.88719311763432,-0.157550318863435,4.35600793461387,-2.6285249630584,0.873005336677866,-1.97244288591245,0.344349326544147,-12.1505033573962,-11.5091175172267,1.01449641152551,2.66298284920282,-23.4293891409384,-70.819145259654,-34.0336453966825,9.83037005091426,5.19169530206048,6.81180890513746,-3.54470317221377,-4.74273724898415,0.126412495591967,2.18210232562891,2.89549804599189,0.426258515143045,-0.350259964921947,1.99333844017961,-0.396698814066461,-0.401727155170245,-1.65609728494161,0.212894693590559,-0.222961692139459,0.810902930019372,-0.17643586956509,-0.567348438345955,-1.4683564610459,-2.73701955505487,2.35640718094151,1.34785754323873,-0.61221486714929,0.328965402496449,-0.207863488305502,0.991682471556511,-0.261494166011366,2.02720826499614,0.537223126415664,-0.447424353566034,0.375941305490739,0.97720740108677,0.448379644535013,0.213754836429395
"ME:MALME_3M",5.88641695145631,-10.5905942453283,0.903840321138158,-3.91890795520872,2.89896501470734,-1.28996849524854,3.55982197073773,-5.93851843288258,-1.22197403059227,2.75046481346582,-1.60213835585433,-1.73254466984795,-0.332687094295719,0.426544171926678,-2.1066255157692,3.24437028525529,2.79821030267239,-1.28810397377116,-2.37834046689392,0.668498816575959,5.08107233040837,-2.45954159935809,0.837724861928061,4.49268351201282,-0.432222487425833,0.664994012338355,0.729428105897916,5.31794726540414,-9.82458116107529,3.31133340345281,11.1986590143326,0.686532352083074,-2.83657865523369,-30.9626781944831,16.3316094224429,-1.46358306996867,18.782071252558,-40.5497619013673,2.31669049279433,16.3940292968111,-23.5195694961476,-6.0968767818954,14.7530251371647,-9.05298184809541,8.95114870394101,1.86849892655425,-1.41323439378688,4.30455692292618,4.34229583962134,3.72910095827087,1.64478659603503,0.661116173326832,0.53432036269886,-1.79216877075693,0.744781685457235,1.26654128614537
"ME:M14",6.225626875,-6.27436853178589,1.32144900786383,-5.92696208662334,4.93960312841078,-4.26124100487029,3.79439675912709,73.8820052255509,3.32367590784117,-0.194163982236653,0.59342101447953,-0.486942953530153,-0.369202162544041,1.47365692241824,-0.181139974025092,1.02493463323144,-3.15503558645815,0.0568118280136351,0.223078582030917,0.772132883717538,-2.98047643195391,0.381348976157067,-0.379024142938033,0.885205150473579,-0.604503184901121,0.268899056404679,0.771787558165667,0.235716343253728,-1.34812286926511,-1.78155876090563,-1.82023305868365,-0.320679867005307,0.426618886597506,1.32801379456232,0.252457948588066,2.22920606847105,-1.03215473934475,-1.22127681743394,-1.69071364168629,-0.258846598549268,-0.809173700196196,-1.79744450959082,0.590196053155382,2.05461861969585,0.542513103857997,-1.84078043639478,-0.480778961773971,1.91167383332116,-4.41712709664725,0.180218670099136,0.762134966672645,-17.0482560750843,-37.6618906190982,-30.217376494039,-2.1722208465865,0.926024353645931
"ME:SK_MEL_2",5.99989015151515,-6.80122168886894,-0.557712310125009,-2.57942295798512,2.82023560649582,-0.660242792713106,0.664299942697958,-5.93333959455483,-3.90203290113007,2.90346609797747,0.20207625989592,-21.9353044523313,82.2466358207715,37.8411754860194,25.8443830643543,-4.5794467484886,-3.36841903704266,-1.99899129447575,3.57155514418395,-2.98333831780237,-1.19392226518564,0.796859823004581,1.32781327233936,0.497690307748219,1.66930797871927,-0.852506659180004,0.520341076364905,0.411208301163013,1.19622199304712,1.01322238875536,1.05967208096988,0.986981875349078,0.491481853295266,0.100510098714038,0.150695900426829,0.40204378175307,-0.119124148248616,2.34389326225478,0.573162288930604,0.515476495785042,-0.974859327814306,0.423015567306963,-0.585438727149655,-0.583765168051437,-0.771355879057983,0.964104588434324,-0.0137700276635115,0.727777262474319,0.493537344510939,0.0985308479790387,0.489587761901717,0.0450679583221526,0.351833802156716,-0.540216070994458,0.2701408546808,0.153152795749685
"ME:SK_MEL_28",5.03580121495327,-9.19993483772039,0.757223919002992,-3.66621084056626,3.57124088306988,-0.964437108042679,2.01907308097221,-4.19234259605429,-2.22653636626678,2.42769248674935,-3.13853536423154,-1.99809544257149,-1.09465734212234,-1.73611539003433,-3.02436814606998,3.28384878860813,7.99353172517053,-3.94476587830708,-6.23250508589045,-5.41052555757257,3.39669939280324,-51.5017717904477,48.8116653328773,-30.5031640719117,2.73348758956014,4.67639660215317,0.159299688594436,-9.24666070273721,5.23766157518713,1.01941557159241,2.5647482377606,7.21527395662241,0.432101265966265,1.302159731746,-1.73532244698046,-0.386362061204082,0.442729633284154,2.89695355081996,0.595153859456312,3.54479312058427,1.7280823279188,0.702196957722782,0.350839127280288,-1.36970481547329,0.891265711286889,0.752916284366451,-0.910377762038588,1.07359989730885,-0.0012639266642228,-0.00584862565181988,-1.85671007176678,-0.322866420896987,-0.0367054086535464,-1.6729009719516,0.0261437802654553,1.39902934945683
"ME:SK_MEL_5",5.44120897938144,-8.80160046885888,1.47809627934903,-3.65616093579801,4.24705699723165,-1.53370911578762,1.68677070813355,-4.3496139154648,-2.92015777265888,2.66823271336287,-2.59870273923921,-0.762004960731664,-2.42117989008651,2.30840176479467,-2.04554904473469,2.89863440058882,5.12880432983745,-2.60232357923093,-4.84070116278288,0.554948007407575,2.12161671104108,-1.82198721194834,-10.1927112462525,13.9391988133355,8.28962682846063,15.8942241809176,52.9482153723622,-45.7892145451063,13.9847869358866,-3.62720771815828,-6.02832124694561,-0.213475446607457,-4.22628638391785,-1.87905944374408,1.75955139765904,-0.998188945197714,2.63930741802279,-0.449937114600057,2.51224071083785,-1.25219447742446,-1.24302065847169,-2.23706891315481,-1.0532422987613,0.390443617084898,-0.184698499918051,2.05466099733469,2.30119896150733,0.365283392465897,-1.34061172620097,1.34428355329968,-0.774928779033282,0.840515466131622,-0.182897181806604,0.627513418774462,0.957320200835243,0.336295652530384
"ME:UACC_257",5.67572975247525,-9.33948606145563,1.51962564383345,-4.29763460020312,3.18417345019546,-1.27703700146181,0.999497567406237,-2.81665808880531,-2.84060447870895,1.08228238784628,-0.895292751323012,1.47820605119882,-0.201161681034139,1.18094851347092,-2.16218189048949,1.83921178116509,1.47106596285008,0.364967629715196,-6.33681731045478,0.419536781848979,0.514836483663895,-1.81913493510675,-1.42949588638599,-2.20263199141453,3.28740409229604,5.39938766949567,-1.41605696092433,2.88799332449429,-1.11325749341876,-10.6277373460777,-0.212783996588181,-30.561316593919,9.27339315944297,43.6782771449972,38.7386794088949,0.612040543505611,-1.00855230292902,-8.16590956520963,-7.77898522691706,10.2299280560909,-1.01860331494643,1.04663594436646,10.8514336279256,-0.640714552698118,-6.2827666481854,2.95733020068798,1.43763874640006,3.05817233269299,-4.6536565334551,1.77192227174069,-0.987911691822593,-0.0278110563862307,2.25706921850063,1.67111108564591,-0.0965018210207171,1.65979565014055
"ME:UACC_62",6.24023966990291,-7.566707386067,0.53291663951026,-3.78778327453237,1.86941364635319,-0.0193437525602655,1.84947437171658,-2.26605662546895,-3.03040801121625,4.19875921064608,-2.59167193579046,-4.4382945510056,-0.058210233938645,0.498889201557728,-19.4338480063949,32.7674680267108,-74.1547630257607,1.11224142132451,19.0134940650414,-15.7254381366627,17.0703057385665,-2.85192970339975,0.875798263608092,-0.349700700636281,-0.433969252092489,-1.88443783832879,0.681782172321384,-1.90218107673817,2.40430936007869,0.686581578524181,-0.418387559382405,-1.838217939016,1.41348410157786,-0.744403621965019,-0.25764340203101,0.177959080086197,-1.53712424354836,-0.390572504460375,-0.498478015075335,-2.31780627005068,0.997626162138982,-0.977068803805838,-0.262794706271612,-0.685665049430402,-0.108939782644752,0.456596019324981,-0.428760622244592,0.390917473146056,0.119353141233597,-1.04341878995129,-0.0640509557114887,0.655524628758553,1.73426766367472,1.65773348621146,0.441861355647775,-0.347646793843957
"ME:MDA_MB_435",6.01879932,-4.55466008675416,1.4331494149303,-5.66479153581598,4.763829641061,-3.76490452043569,4.60000447932634,89.2243392731154,3.56074867648251,-1.20547045803718,1.5655079917984,0.0929825279051887,0.29754859911944,-0.229693752549426,1.46500798171673,-0.754687835580418,2.00671913598206,-0.309723149850553,-0.880054137102346,-0.437446052374394,1.63881174043749,-0.330247108172275,0.315182300545549,-0.633373264426475,-0.0798101380824546,0.0810295097775832,-0.506247132827068,0.31269575958755,0.68404523799906,0.632823305996615,0.36089563872076,0.470306583126083,-0.822224875170171,-1.27634905723851,-0.156444093178902,-0.914773928488687,0.850517660645129,0.959873986261679,1.23302893602177,-0.0224616297884305,0.217505730362261,0.611634343815122,0.0373412452976218,-0.93605086467407,-0.5604323514032,1.68365905983303,0.358045417965748,-0.717896061054259,1.65432744317873,0.0718844550014763,-0.410151906442653,6.75616753879234,15.8736966193985,12.7383851033572,0.408245964643005,-0.654962348679247
"ME:MDA_N",5.92505955555556,-4.92222983442979,1.13813554116312,-5.7247525126209,4.77107017197854,-3.55602348331581,4.57652634979319,87.3947547491991,3.27311787254941,-1.17207989273669,1.81456024483067,-0.103577847566789,0.293806153285544,0.189261331912087,1.19968505296647,-1.03927144412735,1.90783853224187,-0.283386425223401,-0.767384702700666,0.0469279902596492,1.10822532439896,0.414987447389225,-0.283136859166331,0.0739316450329511,0.162328317079778,-0.431102603547979,-0.387526031671582,0.174439139367697,0.413186731772916,0.650830216630796,0.957993266315133,0.234666407035735,0.314399884229905,-1.45910529088966,-0.696651448555158,-0.327996171278733,0.423732720052885,0.0878097246564804,1.03666341014512,0.0698060971045638,0.168362317029076,0.266275314332132,-0.460140066036161,-0.3951346566792,-0.179554915108396,0.335834949218844,0.257475583519131,-0.861749993688866,2.31715850474453,-0.441139159330874,-0.397234772749091,8.09334445209089,15.9372891413168,12.4602824485046,1.02364941146882,0.180450153761314
"LC:A549",5.40734434234234,-10.2440003386328,1.38425606953682,-4.19916076258295,4.18090805317481,-1.63480119760527,2.65854730721941,-6.00977738345558,-1.85787015103743,2.39594512186962,-2.55296145337567,0.470463508219219,0.680333359661871,1.68518375277538,-3.45228503304838,1.4974057012832,3.90255633185529,-0.619791510382024,-8.06830623779439,2.50123062453662,6.05979478363685,-3.00202438580743,5.00776879126001,1.51021667501658,1.21098183471938,-1.12157294342441,0.808783600534495,8.86717971433652,-6.92316188658351,-12.1218767813972,-24.4373093102671,-41.3527833593938,-31.5317206792989,-17.6654593834946,-14.1411288321425,21.8487634342169,-15.9778324546092,3.32661948252112,-4.07740364153936,5.07235015527567,0.681554444643402,-11.8836922618659,1.07449147671918,0.97800810911186,-2.78677753478338,2.10481101474758,-3.07738491085511,-0.55827019726644,1.38230592469524,-1.80354236392656,-2.91543448824477,2.48277193770891,1.88873656667927,-1.48750775713401,0.45389749774522,0.610826190630797
"LC:EKVX",5.66867044554455,-7.97800530885629,-0.0256077771087144,-3.95768072949348,2.19968588890359,-1.67074575632444,2.4162961023173,-5.18523514588675,0.550778912735287,-0.805941143714599,-2.33607151652091,-1.84889389811085,-1.88417165918712,0.752947157244059,-5.12478586887688,3.65903798598989,2.78489160804322,-1.97798541987692,-10.4986110973332,7.23848485025796,17.4994536919711,60.1725036239501,37.5608633653569,-26.2628832166791,1.98372308242663,-2.39489432725493,4.12601242276328,-6.24676511257152,6.14911691095739,-2.90423954992484,3.06517980601923,5.76927611200616,-1.66541042957585,1.86502989637948,0.139488904746854,4.06245440530162,0.177200818932342,1.42673261962875,-1.20387857059878,-0.115768150914053,-4.80182461135681,1.2236278305538,0.825758306666301,0.279553400266013,0.627174869600426,1.3658113771639,0.111940313467842,0.502596278102512,0.756340811796169,1.53935621633378,-0.809956153497008,-0.728408517193424,-0.115658054869815,-0.458306982295075,0.430748503770657,0.231006531481085
"LC:HOP_62",6.10975078947368,-6.84131315674385,0.826267321055518,-2.52530362694733,3.18526763112471,-1.9212085936208,1.9222516864761,-4.61368765875686,-3.35063158280907,3.32275117344334,-1.59476175946957,-4.00449112089482,-2.76912901190064,-6.46988980270497,-12.3034170470392,-80.1264830913924,-32.9691782479706,-3.18579733812846,1.68925853966794,14.8732948752944,-1.77173394252715,-2.00105864706213,1.36987608567638,-4.4546215527899,2.07365231218807,-1.69551253602242,3.26095012009409,-1.04240830797905,-0.330995639286723,3.14342129762035,-2.2252959528398,0.756865167627576,-1.51510894251612,0.244360529717429,0.45979764297437,-0.424486926973042,0.345665972802357,-1.27090983132449,0.394944460407581,1.3528227518268,-1.23689963600739,-0.209389730187803,0.639335202102671,-0.473464094662696,-1.93881267821755,-0.231227993971124,0.255863750994391,0.559531894651191,0.0531376261797014,0.343116282433573,-0.66384984924746,-0.168602562327547,0.417398273175804,0.288077601672181,0.588951721186063,0.911049550699712
"LC:HOP_92",6.15373185714286,-10.4602283939703,1.00637307125808,-3.38254322378328,4.49353408458472,-1.73362160261888,2.1244968086771,-5.20673242319379,-3.95495707085478,3.65132536308309,-3.58703112541319,-10.2993053626543,-28.9235765493883,15.9117311032353,45.5665723449468,-1.50304043173548,-6.58448429986801,1.95662643760196,5.04266152681674,-3.41130123130702,-2.35041001026972,0.678897972447272,0.330783879298539,-1.81693665342666,-1.36351052325671,-1.59391199004446,-1.17721203723679,0.0812108170806575,0.945421506724732,1.18562512854199,0.807834804927517,-0.184458786441501,-0.747978009728279,0.614402277243572,0.9215768611326,2.13083586417331,-0.542749945526224,0.0959413504137605,2.06394102403736,-0.180309125911497,0.680752362465166,-0.704595812631197,0.806000973452785,-2.27379037001665,-0.988352377403861,1.791558216763,0.104620790059021,-0.0940068069164497,0.2134193075694,0.026935221955097,-0.209911755951603,-0.00814168940690709,0.207512215181688,-2.53411619164201,26.8311304504448,-6.21036647528452
"LC:NCI_H226",5.37065132631579,-11.2833118342238,1.17740214447617,-3.75853615033023,4.15042304954478,-1.03574492640028,3.14689144827189,-4.44781563697543,-2.31649819366388,2.51240775214238,-2.32236039398587,-1.00521279881743,-0.579480825491894,-0.47976001597715,-2.55325195383841,-0.284040220316022,2.74046190989348,0.124275089998931,-1.88480204621629,1.33244081292717,1.04219308945665,-1.3545994839209,-1.24272048326141,-0.719286231953312,0.752704086830069,1.51745933718487,-0.609974917049154,1.50579972557771,-2.26805448899966,-0.88825629469572,0.997580366389745,-0.81201163799093,-0.102038198463757,0.685311098822954,0.279033140683455,-3.00597540392151,-0.165460002928061,-1.40785469581006,-2.43035789659453,-3.08737935682447,-0.760064430941139,0.160971664975739,-3.98888673879403,-1.53638742082351,0.924860764652948,-2.88231803750038,-0.574976927354584,-0.280364368359056,0.613586793672612,-1.17463934604643,2.47568339553724,-0.79463865973265,-2.86368389853389,2.83992694614119,-9.87884105080541,-51.9654719602754
"LC:NCI_H23",5.95297127777778,-4.35509601377053,2.36741510626977,-1.836404492005,0.940328224794753,-1.55421895106716,-3.38479465662023,-6.12119012919596,-2.98531663361775,-115.173527847335,-8.29767732719684,-3.67978090650205,-1.12635686765483,1.54535129486018,-0.383884268260694,-0.401814228206251,-1.34167305373303,-0.753400539176153,1.10015024778883,-1.25339939141132,-1.79790691580476,-1.38844225601408,-0.718304947327921,0.924270731053414,-1.03753009971214,-0.484472657863426,-0.449684131464131,-0.805653690119863,0.00140410741967531,0.179147060338726,0.653206984040944,-0.279421844871346,-0.30142144574866,-0.5023566650876,-0.389984813524492,-0.0505805724609415,-0.692554030168839,-0.399575790126915,0.305662644765045,-0.320599402659603,-0.0353843851420176,-0.115071657585988,-0.147639192596079,-0.148457921931094,0.402072125225905,0.176313014110794,0.0504750203481168,0.325742161058065,-0.00238018275432231,0.0951749000512292,0.0826562910738922,-0.204894500431661,-0.22009581809412,0.260068070914371,0.0232472794955097,-0.0201307749439357
"LC:NCI_H322M",5.01698458762887,-7.14557524136823,0.866204872605412,-3.87061948986416,4.26042964485481,-1.99997458809833,0.871817287798507,-3.65844462057497,-2.17995314653562,1.96013809364395,-2.02504378365892,-4.19193137263205,0.196296873866746,0.332989424606462,-10.5484210408505,-6.71253647207065,16.2568605523844,75.3477778249517,36.406747456239,-6.73252489938232,6.18922620810657,0.924960011732934,3.81955811269989,0.772982562485973,0.5101336294705,1.70241599199801,0.996140032888119,-0.395040562075737,0.606839538563172,-0.951071789269255,-1.41241476814194,2.10929934692035,-1.1890694372128,1.04668072514869,-0.0443549678250261,0.953093330488655,-2.27495742131526,-0.322622240260943,0.425364339184415,-0.0419675423121987,-0.552489016387696,-0.910993773614041,0.93615393115043,-1.4326733973056,-1.82388950356144,0.566205043417705,0.0254712328219647,0.633321017842942,0.0393033206957532,1.44667804725917,0.0483952948322027,-0.706131438868545,0.329626480079492,-0.112370514342618,0.277260220406105,1.09161313577921
"LC:NCI_H460",6.18074795192308,-8.81897290980384,0.912931112939059,-3.41460273262841,3.19652122566651,-0.15106264484189,1.5536015201634,-5.10669664754916,-1.9462023342971,3.44053093399567,-3.65551488006005,-1.28852354323702,0.640146476868168,0.756650189844446,-3.61271714766219,0.560287749202252,3.58647452345193,-0.819454514883002,-4.51596870839631,6.67976465296939,6.31297820476991,-3.72004501231928,-2.92252002648172,0.76828271171734,-71.6764667800635,-6.94821505442778,15.9406053339243,12.6154616816029,16.654836030174,-1.96219480464794,2.96732089974604,3.32352004540453,-2.0358733479427,5.20654879791036,-3.02053841310456,-2.14208057208337,-3.09820899857092,-1.93395176100545,-3.06332982854211,0.270186976081973,0.62348699929985,-0.739345329797119,1.7865419061463,-1.69143980588033,0.366941602367797,0.292129649077488,-0.530080151969457,0.521109332065623,-0.371412341671565,-0.489129945506376,-0.436197207119141,-0.741142577462213,1.4202718953436,-0.730925926323603,-0.0272770582382683,0.988649025663611
"LC:NCI_H522",6.06612647959184,-10.0046254813452,1.09859331038388,-2.5125018802809,3.61938055175424,-1.26934473568946,1.84119131386796,-4.06592752044209,-2.90844304705972,2.33989632369082,-2.04381545371179,-2.31032510479454,-1.18266951320739,-0.339828901300598,-1.53416748373834,1.59647288900006,2.60259513699136,-1.37137920809696,-1.6947078533658,2.02944260780402,3.5699418969674,3.08638047170817,-4.58805616298801,0.810419555765398,5.20299608820782,0.656074423599092,-4.50425229354241,-4.90436522989252,-4.31143661523163,-5.60302787028935,1.99315011490243,-7.67779752993794,13.1006867100945,6.98151462520181,-35.8438540202503,-41.213034576528,-7.14279799168111,0.733404437353854,-17.4625700252968,28.7874206130136,-1.67173495935397,-10.1214168788757,11.9243805351644,-0.567637046115477,2.00848906529863,1.80775740804666,-0.457362925347635,1.01309223809833,-1.71650441901724,0.002846450762571,-0.701541123878841,-2.9653999839609,2.22336935340365,-1.33578910789434,3.49971069612495,1.20318063388224
"OV:IGROV1",5.24254438,-4.26770897337928,-0.206996253468311,-0.0697106130385289,1.42715318245766,-1.98514552915708,2.17262083123271,-7.72099686523893,-5.09953734175424,-6.09899646861577,112.649386429288,0.871597472465874,-2.62436343305387,0.181676667786674,0.560378139734206,0.649663105608738,-0.218919481369101,-0.4592882447249,0.987313893620801,-0.364304039832787,-0.67153637058728,-0.458448467639883,0.64150471791123,-0.194433812155321,-0.880402931709238,-1.17324034919269,0.492118375742011,-0.16549583000571,0.907860620222097,-0.0210560629394392,-0.779361936023122,0.489052623276405,-0.806293083493681,0.0861455645564553,-0.746352034500341,0.0255113210761057,0.168538409803604,0.540490243662891,-0.0228261016391021,-0.529688409335342,-0.884991414519864,-0.106013463564478,0.683636891426361,0.00356158024227785,-0.0500109934716667,-0.0154409689094595,-0.0384103426972661,0.305844994171758,-0.353710883532673,0.429531510547848,0.0365827128530395,-0.455268107565507,0.0623505922392088,-0.0969671460458609,-0.0504584354506439,-0.208327566245931
"OV:OVCAR_3",6.10325226666667,-11.046404841406,0.324911026772976,-3.30717804848882,4.93794937405597,-1.39599972756192,2.61478529440357,-5.29298558945834,-1.64879720282507,2.51387683598032,-1.36096239776979,1.59768060918173,-1.56487708394945,0.911812648195538,-4.18106929244967,-0.142015479723682,3.25183432732002,-2.10079938923178,-4.03055939510832,3.98454289892484,0.843509474094786,-1.63383957919546,-3.38886451357614,5.92012460969927,-1.63587899475118,5.36823531289586,-2.61816472481807,-5.067304701057,-5.1539496403068,-1.00136043878977,-0.47841034053701,4.5188882391927,50.0402255260017,-10.5550729271086,-5.05807836261928,34.3329627176341,-27.7837397800032,3.24476580793065,-7.78570500500098,3.51787720696313,-10.4057530385096,0.0668308628385994,2.92437929931168,-4.49579534523709,0.139667170828176,-1.98124286319988,-1.74179158405803,2.07859097439765,2.71576580863714,3.26543085684892,-1.71936114564532,-0.519859458723702,2.8280778750997,-0.377506224500827,0.979530063942715,0.475853336556027
"OV:OVCAR_4",5.82980761165049,-10.8947839630246,1.20462786730693,-4.16792626641618,4.3630795385462,-1.11604279609912,2.6406488687553,-4.32637107738787,-1.62462498822839,2.08996864421092,-1.87283802782605,-1.05473356882859,-1.05435093811986,0.957827791116857,-3.32931909404436,1.35119736407125,2.97121019653146,-1.42756956869809,-2.67938280735299,2.0617611099549,2.3464064530298,1.23622377550314,-2.36060140620547,2.34791631724822,1.77871334362587,3.60818734157461,0.987503023887011,2.00733014347576,-4.98003767602004,-1.83778327350161,1.04870391591577,0.538529571813724,0.415969705021109,-0.834415912000957,3.52392111038987,-5.31966607338763,4.96107429092215,2.03700423812319,1.15031832639498,-3.19584382957383,8.45116885485452,0.0853516474745878,-9.94923548275013,1.30615044316159,-0.887938425352992,-27.5842460785163,-50.5793827546146,18.1410646177413,-2.51033335010017,8.34875393660464,-2.84219738484704,-2.46794174695192,3.40023491272006,0.291862302763596,3.76238445718027,2.74720849107366
"OV:OVCAR_5",6.16825092523364,-10.1954656660515,0.770648720859998,-3.05052920257586,4.01094136522382,-1.85315713120142,2.56344119731967,-5.70009508590277,-1.91242358583661,1.37164091977118,-2.80798692104484,-0.911410959361638,-2.49131812310268,-1.09348216550896,-4.74369481709186,1.32194065942527,2.33719724854348,-0.462634838959341,-1.22003889895556,2.20546905617274,4.63031134864883,-0.932545644525582,-2.06107787218774,5.12729989802836,-2.60534014986685,3.19389933867674,0.163577967385918,5.4465645400473,-7.55542906610385,4.46411251784454,2.75321754481058,-9.39994046104411,11.1004223428018,3.43537345380893,-9.67519056325522,14.1258056872725,49.5702517236401,35.4414616378198,6.62393009133627,3.67536844777155,-11.2803451171067,-10.9494419828765,4.37837962871509,-5.11969388077462,-3.14951309232461,6.5882404501861,0.742868382553799,2.66577275373905,-2.1341621265019,-3.37520217460719,4.67320134990649,-0.932415871266896,1.18260262907139,-2.16810122518923,0.052551259479669,0.337997151355853
"OV:OVCAR_8",6.14136714953271,-11.8135027389828,1.07539239343066,-4.06809573984242,3.21811804134707,-1.20144689508771,2.28636370999734,-4.55811397604618,-3.01261047460946,2.97313327127417,-1.6687325440108,-0.566798401315661,-1.20990865133037,-0.187290932483023,-4.02649671232436,1.08511406694117,1.71283305729994,-2.18207117657137,-3.26142950860925,1.48998548420108,3.18918621401805,-1.57619429170863,-6.23079450567416,4.08747159166024,2.37232721206219,5.91597739634835,-0.510427671240084,-0.704169927948096,-13.1038536094359,0.197342694026537,31.1274765607808,9.509740859213,-18.1584503695641,9.69184473611302,-4.4417240913179,8.77815294220509,-10.5094300873216,5.27260169260549,1.08267556138661,-0.72547270615512,-2.05806452015813,-1.05318320238697,5.97029666984111,-0.939600919998272,-0.382592272903526,2.22696890053846,0.0125167353283389,0.2882759582716,-0.362131668793343,0.417599976948191,-2.52441614624773,0.615295505708949,-0.0386996167772615,-0.524313923932624,0.568875417942614,1.0226612148731
"OV:SK_OV_3",6.22817157142857,-9.3668917980268,0.993999176133346,-3.28837497403049,3.37131561319565,-0.709081105606374,2.86824840753852,-5.01345618947245,-1.61587239926522,2.35493485445298,-2.27516647711128,-1.70757535799961,0.266416763103877,1.22256496381467,-7.19786126763178,3.60124202541812,6.64803942474248,2.04616258935773,-5.67338998411745,-4.54418127240623,1.14854685801702,-3.04012256040673,-45.6297211168427,-55.7400224540609,5.60754475696888,-23.1687564599783,-2.48858612546525,-8.54780958586846,10.3493022005569,6.55596518304718,0.0995366955830815,-0.063242445582248,-1.16740913341241,-4.90033308550687,2.00956570707371,4.4779773027935,0.136929442018778,1.44712312850855,3.74163874112615,3.30207345706117,0.81343513446103,-2.05973938417796,0.61011495950914,-0.426358640667641,-1.36309746114397,2.83115926495033,-1.27751127823758,2.22821560145724,0.879160910960167,-0.87745836520687,-1.01545337808647,-0.632690737371664,-0.516615324669404,-0.767166677140851,0.0461849854965295,1.1993386723165
"OV:NCI_ADR_RES",6.16343840816327,-11.2484723965289,1.21018166412464,-4.22517518807912,3.5897826888865,-1.27769124919015,2.58711111004233,-4.84994417930401,-2.97970770696984,2.97847110295658,-1.84661438298924,-0.669594128994862,-1.38934132019156,-0.567566916871238,-4.85720699286477,1.42337048898342,1.34782842926244,-2.39894022130662,-3.5908669096726,1.10794608502492,3.68065993044624,-2.01468960940762,-7.84779360195882,4.82286703555912,3.39234599193093,7.67791152606482,-0.674917650463654,-0.341624627954725,-15.9293083512672,-0.00722150039941533,38.2221028211221,11.6540369490619,-22.0353096129704,11.2475049590168,-5.78579609631933,10.3797752818521,-13.5219561185376,6.64278264202459,1.50085472246318,-0.301347330806767,-3.20511025482107,-1.17246466492289,7.2555505508438,-0.512957276453829,-1.19242331928972,3.57550762272918,-0.462385698554367,0.800657100393623,-0.259931213028364,-0.284076821987674,-2.1694083660456,0.768340559996464,0.638200379994788,-1.22486945100883,0.660191978710975,1.67091705857302
"PR:PC_3",5.665271,-11.0929484161618,1.21243846644425,-3.60452717221055,3.0705272008685,-1.57418945693461,2.54498218504225,-5.09254633668795,-2.79216169956693,2.03415388419973,-1.152442421918,-1.33660936847073,-1.00966204029236,-0.227393897287143,-3.01850807772155,0.446654397096759,2.40534812027976,-0.708055591138303,-1.36570459514816,0.668393057084602,2.61720754873329,-0.0614144191376021,-1.27745171551239,0.818319808099243,-0.227327874240849,-0.646492637444585,-1.63454416549716,1.24656840321487,-1.5476826723352,-0.881301422060658,0.323845606113326,-1.83714904720381,3.17372030113436,1.11712334935395,0.127936540247222,-3.77209260734941,1.1495677571423,3.41865979937608,-0.00314129356859829,0.725051394827797,4.58975233784981,3.39608199467726,-0.0417724624706719,1.42519630556765,4.22809223213394,-11.6404737879899,2.9213838893898,-7.8602886034353,12.0553194630665,9.25306226199223,12.4168139617218,49.7372723471252,-22.8996011526843,-0.278938827589486,1.66839382790678,2.61710499325309
"PR:DU_145",6.06422544,7.46915218535133,0.949969256594286,0.394880836381004,0.122021794214466,1.84820661713083,-149.900574527122,3.51960834713265,-2.88430457293073,4.50348578834317,0.0251370575755948,0.122752284791286,-0.981901804458614,-0.397684898526625,-0.481408911595205,0.367822117646638,0.537144235877631,-0.857887691451774,-0.451715277766911,0.329450565865214,-0.393863572515049,0.28255460278323,-0.202810333697966,-0.020814374556839,0.15885760504685,-0.186457310103867,-0.769570069349722,-0.138033890744234,-0.704918768474366,-0.105682370005399,-0.120258269919099,0.298877652281107,-0.0811524249141614,-0.999213075583758,0.202035946415749,0.0205211479002639,0.246251287719195,-0.0185452173793445,0.0749818292331669,-0.428429237899358,0.183748433957936,-0.143113150832729,0.0389122909396075,-0.0149102024110333,0.487500694513288,-0.214427483148239,0.117722746018296,-0.0184481640337272,0.0589478160691885,-0.189884576374174,0.160622674432999,0.00931525242317778,0.194197359759006,0.0209906307784954,-0.306673328022571,-0.182264352954636
"RE:786_0",6.08324044578313,-10.1231179357872,0.834356932745943,-3.23633118913021,4.07506953993415,-1.63387609141215,3.04635015437438,-5.40544903921941,-1.14222563730997,2.14216927286477,-2.05502809166861,1.56156815195589,-3.07659040981352,0.196630072593378,-3.29409301621543,1.92384825331443,2.04675987401463,-1.89134394036515,-3.98714421517914,2.09152097567058,5.3064796637775,1.22841964754914,0.995225768915514,8.63046389095688,-0.797554731555895,-3.24749747839119,-1.43470228543397,5.05425743113476,-3.3156390581562,-1.81884555861994,-6.45224478495782,4.2666526108774,-0.188607733292903,-21.7612924431486,27.5737520507704,-22.2640443977565,-19.5181008241588,32.4566633332144,30.5937869039623,16.1290915928608,0.755385805344825,10.6038937715705,8.67362589579604,-4.66055706039608,-4.99941842782654,4.85265521170549,2.45151827684213,2.73503369434733,0.0232981929729328,-1.05811191088709,1.41997416823554,-3.53586135356072,0.112283390264513,-2.19770483898298,-0.746808687829581,0.00284408074793
"RE:A498",5.17475980722892,-10.6478456709031,1.07204078863623,-4.17410195531377,2.29270193114066,-1.44706084004663,3.03243791411098,-5.1541030046296,-1.59831039849995,2.67566409612621,-1.30795585622687,-0.266160790665931,-0.332010939716429,-0.292915161799565,-3.5867879307822,-1.06288092258593,1.77819302313744,0.8106019222811,-1.23166764106878,2.78030518443224,0.0466890537180307,-0.321439923861429,-1.5347792749964,1.70227288707895,0.460661135242009,4.12511634760273,-0.901664348821491,4.77054912768263,-3.60754090049967,-1.03552982927611,0.390108193965211,-2.34890973765763,6.21208856563237,-0.761006851221673,4.85212134055453,-2.35011133422017,-0.08667701734076,0.873533828997617,2.01933833194114,-4.88111131284502,7.99547735829252,-1.43378985837616,-9.83676028822981,32.6741797099287,40.4707829016916,32.8190078296604,-10.5647750831841,0.961650542398602,1.40021122848586,0.231675009167378,-0.114261817873686,0.729279112867984,0.730729839881758,-0.888397439401216,2.97434401152728,0.546426289157029
"RE:ACHN",5.72044079012346,-11.9583835010272,1.32212309242094,-3.49319806215516,3.8086479639013,-1.58014881997066,3.28136625621785,-4.45588013924845,-2.46430115241035,1.82360614959309,-2.22641607341019,0.397899215388748,-0.939790900916953,0.431422746493065,-2.60665118080621,0.46677826713772,2.57777961767243,-0.277155976450456,-2.35101687121914,1.45295043209214,1.56218327141584,-1.03103024925135,-0.846439326842748,0.837884752113928,0.503609099885373,1.51781309826574,0.022290053443475,1.64516593845024,-2.14689058034091,-0.198382867598738,-0.0380608107863144,-0.0506839398934278,2.37613323748824,-0.337683614251746,-0.242946893270356,-0.568927722804503,0.584309537066555,-0.0882126385892539,0.438691330293693,0.165455048714651,0.0700137092815176,2.28959070232716,-2.12860934136058,0.729913095302854,-0.403432165216219,-0.69011568657106,1.51816907837648,-1.19194815191223,0.328877173172122,-1.39111583124397,-0.376012184964685,-0.545210421203887,1.09313491000748,1.4548854475062,-4.12412604642539,-7.5685417967387
"RE:CAKI_1",6.20573087912088,-10.5933449084629,1.1339272614232,-3.95518387638568,3.20141954853465,-1.12230201488041,2.56334686412722,-4.65463626944724,-2.85908507902634,1.97362592478774,-1.75957443045387,-0.985904584776404,-0.158897169421707,1.17350064327198,-3.16131077480986,1.74636835563698,1.68741188939704,0.0511140405731166,-3.18730876901505,0.783123418559588,2.13105688275298,-0.694874973213536,-3.1943238035956,1.48093614536526,0.830763037602643,0.899866691761049,-1.42394018585808,3.87120919400869,-2.85771003931405,1.45716349038203,0.0676153155048342,-3.65629711011187,1.65957367764172,0.271891501548977,2.91144688710179,-4.38039766880731,6.69468327591866,4.21897003262253,2.72093125568374,-2.06320588309267,-2.05305261325292,0.763061534833724,-7.77129652462416,0.586031134857302,10.465845327553,-17.3452982482936,8.9280512127477,-30.676719026756,9.65990189667061,18.4384313692432,-41.9509209925899,-7.69634746400323,-0.0653487970922806,0.750008908911725,2.50736586953502,1.35156136043161
"RE:RXF_393",6.09241069148936,-10.3803990466821,1.12779433460359,-2.62132090317121,3.19092644106661,-2.00165878174528,2.0396803104405,-5.5458986713226,-1.41460719514659,1.72180661406358,-1.86330829947352,-0.465238602177934,-1.44378093053813,0.79853801435032,-1.99793576034954,2.63690213451645,2.27847416624508,-0.780989330806962,-1.69458427921767,1.54939578102597,2.67207074916516,-1.69010589097677,-0.549997285031886,0.458767321321587,-1.36358188069968,2.91101082917683,0.354085385975328,2.57226987302595,-5.47253755384532,1.2488114591922,5.50330497502924,-2.35149787962315,4.44372137714284,-11.52657763155,-2.73185652607077,-1.77743509787561,7.74809232650623,-7.52625518111416,-4.11671186839912,-0.278017309045775,-0.498159149075478,18.5906826763749,-0.186069897415998,45.2520890827122,-38.4158744017033,0.946059404659981,3.41674631217017,-5.41444253794317,-0.321007893779357,3.3402673974709,1.46198069585228,-1.57809098131793,2.7760188423041,-2.46647072655018,1.98795819027344,0.417868219314811
"RE:SN12C",5.86947405504587,-5.66637112349532,1.29604308937936,-3.5067988172698,3.58460301567417,-1.25051338289988,1.97550060807929,-4.76378166741574,-5.15704723717532,-1.78560066946715,-3.16966609939441,94.2787153560793,14.401052109053,-0.335408848600143,21.8314266194562,-2.21720072903558,-7.70152955800178,5.08759508305022,1.44621178844892,-0.923412354726282,0.804276476693019,0.438998646717707,0.620006953210459,-2.19701023734897,-0.620900052686875,0.532730077926355,-0.933388514701864,-1.69073356928424,1.27922070142587,1.22300808797659,0.440275112265074,1.57189231425557,-0.867275051828073,0.155492362744726,-1.51049424063916,-0.464655627198478,1.05041298013247,-0.713261497145858,1.14631124895945,0.617063319013755,-0.422935360144912,-2.21684607029269,-0.458399127253324,0.38988072810662,0.00823466946934783,-0.778848427474974,-0.237022014051028,-0.0848293937130485,0.00228638103232259,-0.504535006182951,-0.0811774645892764,0.540223295962684,0.0557373592758914,-0.669747703854774,0.216724484926933,0.0632247405445318
"RE:TK_10",5.96939397619048,-9.44950466197143,0.582694939119448,-4.43423104284022,3.33376163565837,-1.25628294363224,3.55849655474164,-4.91140392292777,-2.73021542762882,3.61570321936905,-2.11027805363178,-2.58396807514392,0.367160251175898,0.319897376533654,-5.64288874388817,-1.79830063086078,4.10463903729809,-2.31240592715876,-4.83381952405316,1.9633757998392,8.58965240991045,0.969308209501126,-3.50414534830331,16.6732572280364,-13.5799572887464,5.05332555200091,-53.3974811026106,-43.3875951125623,15.4641684235843,0.0514945570335138,-8.72610068837185,4.63541620623608,-10.0872515943959,0.604225087032059,3.25229883013303,3.73942424958305,5.03582006132531,-2.46470375363149,-0.149189824765718,0.407844921464143,1.08523639230349,-0.807836150375698,-0.32458009434203,0.497347832277403,-0.98094433631795,2.22343777240255,-0.81790388773234,-0.658696102394031,-0.911684685928344,0.886806019790892,0.291879663686516,-1.09174368624399,0.374205358243777,-0.800962468201614,0.913420515591557,0.364006767141332
"RE:UO_31",5.79071190909091,-9.67688852308358,0.586439993639155,-4.27337274513323,4.39624201627836,-1.28761049533059,3.49004703636023,-5.55907569153961,-2.62556841862817,2.01066237184545,-0.477566343432379,-0.577099745944993,0.547559296219415,0.463051617537428,-4.47548129137101,-0.0476607090431038,4.55641322507041,-3.06751845997379,-2.10763208525056,2.27131273481392,2.76994701101653,3.79334729804094,1.31724692881221,2.08762725689039,0.823796372616095,2.29095410716103,-0.0100099010399197,2.80349481229297,-9.18845180315501,-4.11239038862683,6.98099482241922,5.05255899334688,10.3288608877877,-12.567656272273,8.36363362193867,-1.44283673902748,5.7964647945006,-8.31867350051077,-2.90877282300039,-7.89976833970318,51.1017448068192,-29.796793470494,1.76165068621658,-9.29256741949985,-13.1188600047377,7.5590234795556,7.97104716792739,0.0579973367995243,0.364232563138646,-1.45545082005037,-3.90063311857185,-0.804044881122202,-0.150921043142677,-0.478384877074799,0.136124848770765,1.34510139582464
